Time (%),Total Time (ns),Instances,Avg (ns),Med (ns),Min (ns),Max (ns),StdDev (ns),Name
9.5,16414766,108,151988.6,151984.0,150720,153504,419.4,void cutlass::Kernel2<cutlass_80_tensorop_bf16_s16816gemm_relu_bf16_256x64_32x4_tn_align8>(T1::Params)
8.0,13692526,432,31695.7,31680.0,30849,33376,396.1,void cutlass::Kernel2<cutlass_80_tensorop_bf16_s16816gemm_relu_bf16_64x64_32x6_tn_align8>(T1::Params)
7.5,12938578,108,119801.6,119712.0,119072,123424,487.9,void cutlass::Kernel2<cutlass_80_tensorop_bf16_s16816gemm_relu_bf16_256x128_32x3_tn_align8>(T1::Params)
6.7,11533936,960,12014.5,11968.0,10880,13632,449.0,void cutlass::Kernel2<cutlass_80_wmma_tensorop_bf16_s161616gemm_bf16_32x32_64x1_tn_align8>(T1::Params)
5.6,9603819,1440,6669.3,7104.5,4800,8832,1036.7,void cutlass::Kernel2<cutlass_80_wmma_tensorop_bf16_s161616gemm_bf16_32x32_128x2_tn_align8>(T1::Params)
5.2,8934285,576,15510.9,10560.0,9920,41344,11248.1,void cutlass::Kernel2<cutlass_80_tensorop_bf16_s16816gemm_relu_bf16_128x64_32x6_tn_align8>(T1::Params)
5.2,8893966,108,82351.5,82272.0,81760,84192,386.1,"void pytorch_flash::flash_fwd_kernel<Flash_fwd_kernel_traits<(int)64, (int)128, (int)128, (int)4, (bool)0, (bool)0, cutlass::bfloat16_t, Flash_kernel_traits<(int)64, (int)128, (int)128, (int)4, cutlass::bfloat16_t>>, (bool)0, (bool)0, (bool)0, (bool)0, (bool)1, (bool)1, (bool)0, (bool)0>(pytorch_flash::Flash_fwd_params)"
4.8,8243207,540,15265.2,15552.0,2976,23104,3398.0,void cutlass::Kernel2<cutlass_80_simt_sgemm_64x64_8x5_tn_align1>(T1::Params)
4.6,7973413,4074,1957.1,1920.0,960,3392,633.6,"void at::native::unrolled_elementwise_kernel<at::native::direct_copy_kernel_cuda(at::TensorIteratorBase &)::[lambda() (instance 3)]::operator ()() const::[lambda() (instance 7)]::operator ()() const::[lambda(float) (instance 1)], std::array<char *, (unsigned long)2>, (int)4, TrivialOffsetCalculator<(int)1, unsigned int>, TrivialOffsetCalculator<(int)1, unsigned int>, at::native::memory::LoadWithCast<(int)1>, at::native::memory::StoreWithCast<(int)1>>(int, T1, T2, T4, T5, T6, T7)"
4.0,6848361,1107,6186.4,2976.0,1600,20832,7028.4,"void at::native::elementwise_kernel<(int)128, (int)4, void at::native::gpu_kernel_impl_nocast<at::native::direct_copy_kernel_cuda(at::TensorIteratorBase &)::[lambda() (instance 3)]::operator ()() const::[lambda() (instance 12)]::operator ()() const::[lambda(c10::BFloat16) (instance 1)]>(at::TensorIteratorBase &, const T1 &)::[lambda(int) (instance 1)]>(int, T3)"
3.3,5602182,528,10610.2,10496.0,8384,21664,3449.8,"void magma_sgemmEx_kernel<float, float, float, (bool)1, (bool)0, (int)6, (int)4, (int)6, (int)3, (int)4>(int, int, int, Tensor, int, Tensor, int, Tensor, int, Tensor, int, int, int, const T1 *, const T1 *, T1, T1, int, cublasLtEpilogue_t, int, const void *, long)"
3.0,5104776,4371,1167.9,1088.0,864,2752,247.2,"void at::native::elementwise_kernel<(int)128, (int)2, void at::native::gpu_kernel_impl_nocast<at::native::BinaryFunctor<float, float, float, at::native::binary_internal::MulFunctor<float>>>(at::TensorIteratorBase &, const T1 &)::[lambda(int) (instance 1)]>(int, T3)"
2.8,4887176,234,20885.4,21440.0,5856,22592,2969.3,"void at::native::elementwise_kernel<(int)128, (int)4, void at::native::gpu_kernel_impl_nocast<at::native::CUDAFunctor_add<c10::BFloat16>>(at::TensorIteratorBase &, const T1 &)::[lambda(int) (instance 1)]>(int, T3)"
2.3,3879432,2832,1369.9,1120.0,992,2528,509.0,"void at::native::elementwise_kernel<(int)128, (int)2, void at::native::gpu_kernel_impl_nocast<at::native::direct_copy_kernel_cuda(at::TensorIteratorBase &)::[lambda() (instance 3)]::operator ()() const::[lambda() (instance 7)]::operator ()() const::[lambda(float) (instance 1)]>(at::TensorIteratorBase &, const T1 &)::[lambda(int) (instance 1)]>(int, T3)"
1.8,3015973,144,20944.3,14592.0,14208,34432,9170.2,void cutlass::Kernel2<cutlass_80_tensorop_bf16_s16816gemm_relu_bf16_128x64_64x4_tn_align8>(T1::Params)
1.5,2519170,1089,2313.3,2272.0,2240,2816,100.2,"void at::native::reduce_kernel<(int)512, (int)1, at::native::ReduceOp<float, at::native::MeanOps<float, float, float, float>, unsigned int, float, (int)4, (int)4>>(T3)"
1.4,2448964,2460,995.5,864.0,736,8832,503.3,"void at::native::vectorized_elementwise_kernel<(int)4, at::native::bfloat16_copy_kernel_cuda(at::TensorIteratorBase &)::[lambda(float) (instance 1)], std::array<char *, (unsigned long)2>>(int, T2, T3)"
1.3,2274401,240,9476.7,9472.0,9376,9600,36.2,void cutlass::Kernel2<cutlass_80_simt_sgemm_64x64_8x5_nn_align1>(T1::Params)
1.2,2142114,288,7437.9,6976.0,6880,10176,1040.0,void cutlass::Kernel2<cutlass_75_tensorop_bf16_s1688gemm_bf16_64x64_nn_align1>(T1::Params)
1.1,1960513,1065,1840.9,1760.0,1600,2912,306.8,"void at::native::elementwise_kernel<(int)128, (int)4, void at::native::gpu_kernel_impl_nocast<at::native::BinaryFunctor<c10::BFloat16, c10::BFloat16, c10::BFloat16, at::native::binary_internal::MulFunctor<float>>>(at::TensorIteratorBase &, const T1 &)::[lambda(int) (instance 1)]>(int, T3)"
1.1,1816162,225,8071.8,8064.0,7904,8320,75.2,"void at::native::<unnamed>::vectorized_layer_norm_kernel<c10::BFloat16, float, (bool)0>(int, T2, const T1 *, const T1 *, const T1 *, T2 *, T2 *, T1 *)"
1.0,1794882,9,199431.3,199264.0,198144,200992,1044.8,"void implicit_convolve_sgemm<__nv_bfloat16, __nv_bfloat16, (int)1024, (int)5, (int)5, (int)3, (int)3, (int)3, (int)1, (bool)0, (bool)0, (bool)1>(int, int, int, const T1 *, int, T2 *, const T1 *, kernel_conv_params, unsigned long long, int, float, float, int, const T2 *, const T2 *, bool, bool, int, int)"
1.0,1771457,576,3075.4,3040.0,2944,3808,108.2,"void at::native::<unnamed>::CatArrayBatchedCopy<at::native::<unnamed>::OpaqueType<(unsigned int)2>, unsigned int, (int)4, (int)64, (int)64>(T1 *, at::native::<unnamed>::CatArrInputTensorMetadata<T1, T2, T4, T5>, at::native::<unnamed>::TensorSizeStride<T2, (unsigned int)4>, int, T2)"
1.0,1681377,1662,1011.7,928.0,832,1760,183.8,"void at::native::vectorized_elementwise_kernel<(int)4, at::native::CUDAFunctor_add<float>, std::array<char *, (unsigned long)3>>(int, T2, T3)"
1.0,1669604,1401,1191.7,896.0,864,4224,631.6,"void at::native::vectorized_elementwise_kernel<(int)4, at::native::AUnaryFunctor<float, float, float, at::native::binary_internal::MulFunctor<float>>, std::array<char *, (unsigned long)2>>(int, T2, T3)"
0.9,1577664,528,2988.0,2560.0,2400,7680,1434.6,"void at::native::elementwise_kernel<(int)128, (int)2, void at::native::gpu_kernel_impl_nocast<at::native::<unnamed>::where_kernel_impl(at::TensorIterator &)::[lambda() (instance 1)]::operator ()() const::[lambda() (instance 11)]::operator ()() const::[lambda(bool, float, float) (instance 1)]>(at::TensorIteratorBase &, const T1 &)::[lambda(int) (instance 1)]>(int, T3)"
0.9,1522915,480,3172.7,3168.0,3040,3360,57.8,"void cublasLt::splitKreduce_kernel<(int)32, (int)16, int, float, float, float, float, (bool)0, float, float, float, (bool)1, (bool)0, (bool)0>(cublasLt::cublasSplitKParams<T6>, const T4 *, const T10 *, T9 *, T5 *, const T6 *, const T6 *, const T11 *, const T4 *, T11 *, void *, long, T6 *, int *, T6 *, T6 *, const T6 *, const T6 *, const T6 *, const T6 *, const T6 *)"
0.7,1269409,816,1555.6,1536.0,1440,1856,80.8,"void at::native::elementwise_kernel<(int)128, (int)4, void at::native::gpu_kernel_impl<at::native::<unnamed>::pow_tensor_tensor_kernel(at::TensorIteratorBase &)::[lambda() (instance 1)]::operator ()() const::[lambda() (instance 7)]::operator ()() const::[lambda(float, float) (instance 1)]>(at::TensorIteratorBase &, const T1 &)::[lambda(int) (instance 1)]>(int, T3)"
0.7,1233251,816,1511.3,1520.0,1440,1664,34.0,"void at::native::vectorized_elementwise_kernel<(int)4, at::native::sin_kernel_cuda(at::TensorIteratorBase &)::[lambda() (instance 2)]::operator ()() const::[lambda() (instance 2)]::operator ()() const::[lambda(float) (instance 1)], std::array<char *, (unsigned long)2>>(int, T2, T3)"
0.7,1231488,816,1509.2,1536.0,1376,1760,45.2,"void at::native::vectorized_elementwise_kernel<(int)4, at::native::cos_kernel_cuda(at::TensorIteratorBase &)::[lambda() (instance 2)]::operator ()() const::[lambda() (instance 2)]::operator ()() const::[lambda(float) (instance 1)], std::array<char *, (unsigned long)2>>(int, T2, T3)"
0.7,1174339,30,39144.6,39072.5,38401,40032,376.5,"void sgemm_largek_lds64<(bool)1, (bool)0, (int)5, (int)5, (int)4, (int)4, (int)4, (int)34>(float *, const float *, const float *, int, int, int, int, int, int, const float *, const float *, float, float, int, int, int *, int *)"
0.7,1148961,480,2393.7,2400.0,2304,2433,23.5,"void cublasLt::splitKreduce_kernel<(int)32, (int)16, int, __nv_bfloat16, __nv_bfloat16, float, __nv_bfloat16, (bool)0, __nv_bfloat16, __nv_bfloat16, __nv_bfloat16, (bool)1, (bool)0, (bool)0>(cublasLt::cublasSplitKParams<T6>, const T4 *, const T10 *, T9 *, T5 *, const T6 *, const T6 *, const T11 *, const T4 *, T11 *, void *, long, T6 *, int *, T6 *, T6 *, const T6 *, const T6 *, const T6 *, const T6 *, const T6 *)"
0.6,1090784,96,11362.3,11360.0,11104,11712,129.8,void cutlass::Kernel2<cutlass_80_wmma_tensorop_bf16_s161616gemm_bf16_32x32_64x2_tn_align8>(T1::Params)
0.6,1055010,108,9768.6,9760.0,9632,10016,63.2,"void at::native::vectorized_elementwise_kernel<(int)4, at::native::GeluCUDAKernelImpl(at::TensorIteratorBase &, at::native::GeluType)::[lambda() (instance 1)]::operator ()() const::[lambda() (instance 4)]::operator ()() const::[lambda(c10::BFloat16) (instance 1)], std::array<char *, (unsigned long)2>>(int, T2, T3)"
0.6,1004898,1089,922.8,928.0,896,992,19.2,"void at::native::vectorized_elementwise_kernel<(int)4, at::native::rsqrt_kernel_cuda(at::TensorIteratorBase &)::[lambda() (instance 2)]::operator ()() const::[lambda() (instance 2)]::operator ()() const::[lambda(float) (instance 1)], std::array<char *, (unsigned long)2>>(int, T2, T3)"
0.6,990433,1098,902.0,864.0,832,3936,257.6,"void at::native::vectorized_elementwise_kernel<(int)4, at::native::CUDAFunctorOnSelf_add<float>, std::array<char *, (unsigned long)2>>(int, T2, T3)"
0.6,981792,1089,901.6,832.0,800,1952,224.8,"void at::native::vectorized_elementwise_kernel<(int)4, void at::native::<unnamed>::pow_tensor_scalar_kernel_impl<float, float>(at::TensorIteratorBase &, T2)::[lambda(float) (instance 1)], std::array<char *, (unsigned long)2>>(int, T2, T3)"
0.5,939810,1023,918.7,864.0,832,1536,166.3,"void at::native::vectorized_elementwise_kernel<(int)4, at::native::CUDAFunctor_add<c10::BFloat16>, std::array<char *, (unsigned long)3>>(int, T2, T3)"
0.5,855488,816,1048.4,1024.0,960,1216,52.8,"void at::native::elementwise_kernel<(int)128, (int)2, void at::native::gpu_kernel_impl_nocast<at::native::BinaryFunctor<float, float, float, at::native::binary_internal::DivFunctor<float>>>(at::TensorIteratorBase &, const T1 &)::[lambda(int) (instance 1)]>(int, T3)"
0.5,822914,288,2857.3,2176.0,2048,6656,1576.0,"void <unnamed>::softmax_warp_forward<float, float, float, (int)8, (bool)0, (bool)0>(T2 *, const T1 *, int, int, int, const bool *, int, bool)"
0.4,729890,528,1382.4,1248.0,1216,3296,451.9,"void at::native::vectorized_elementwise_kernel<(int)4, at::native::<unnamed>::silu_kernel(at::TensorIteratorBase &)::[lambda() (instance 1)]::operator ()() const::[lambda() (instance 6)]::operator ()() const::[lambda(c10::BFloat16) (instance 1)], std::array<char *, (unsigned long)2>>(int, T2, T3)"
0.4,669696,240,2790.4,2784.0,2656,2880,41.6,"void <unnamed>::softmax_warp_forward<float, float, float, (int)9, (bool)0, (bool)0>(T2 *, const T1 *, int, int, int, const bool *, int, bool)"
0.4,630912,240,2628.8,2624.0,2272,2784,67.0,"void at::native::reduce_kernel<(int)512, (int)1, at::native::ReduceOp<long, at::native::MinOps<long>, unsigned int, long, (int)4, (int)4>>(T3)"
0.4,618688,825,749.9,736.0,704,1056,19.5,"void at::native::vectorized_elementwise_kernel<(int)2, at::native::FillFunctor<long>, std::array<char *, (unsigned long)1>>(int, T2, T3)"
0.4,611168,528,1157.5,1056.0,992,2432,370.7,"void at::native::vectorized_elementwise_kernel<(int)4, at::native::BinaryFunctor<c10::BFloat16, c10::BFloat16, c10::BFloat16, at::native::binary_internal::MulFunctor<float>>, std::array<char *, (unsigned long)3>>(int, T2, T3)"
0.3,598018,843,709.4,704.0,672,737,15.5,"void <unnamed>::elementwise_kernel_with_index<int, at::native::arange_cuda_out(const c10::Scalar &, const c10::Scalar &, const c10::Scalar &, at::Tensor &)::[lambda() (instance 1)]::operator ()() const::[lambda() (instance 7)]::operator ()() const::[lambda(long) (instance 1)]>(T1, T2, function_traits<T2>::result_type *)"
0.3,568480,9,63164.4,63008.0,62752,63904,363.3,void cutlass::Kernel2<cutlass_80_tensorop_s16816gemm_bf16_256x64_32x4_tn_align8>(T1::Params)
0.2,398530,531,750.5,736.0,704,800,17.8,"void at::native::vectorized_elementwise_kernel<(int)4, at::native::FillFunctor<float>, std::array<char *, (unsigned long)1>>(int, T2, T3)"
0.1,250273,9,27808.1,28032.0,25088,29536,1258.7,"void at::native::<unnamed>::upsample_bilinear2d_out_frame<float, float>(int, T2, T2, bool, torch::headeronly::detail::GenericPackedTensorAccessor<torch::headeronly::detail::TensorAccessor<c10::ArrayRef<long>, const T1, (unsigned long)3, torch::headeronly::DefaultPtrTraits, long>, at::detail::IndexBoundsCheck<(unsigned long)4, long>, const T1, (unsigned long)4, torch::headeronly::DefaultPtrTraits, long>, torch::headeronly::detail::GenericPackedTensorAccessor<torch::headeronly::detail::TensorAccessor<c10::ArrayRef<long>, T1, (unsigned long)3, torch::headeronly::DefaultPtrTraits, long>, at::detail::IndexBoundsCheck<(unsigned long)4, long>, T1, (unsigned long)4, torch::headeronly::DefaultPtrTraits, long>)"
0.1,245536,279,880.1,864.0,832,1152,55.7,"void at::native::elementwise_kernel<(int)128, (int)2, void at::native::gpu_kernel_impl_nocast<at::native::CUDAFunctor_add<long>>(at::TensorIteratorBase &, const T1 &)::[lambda(int) (instance 1)]>(int, T3)"
0.1,202017,90,2244.6,2176.0,2080,2464,128.4,"void cublasLt::splitKreduce_kernel<(int)32, (int)16, int, float, float, float, float, (bool)0, float, float, float, (bool)1, (bool)1, (bool)0>(cublasLt::cublasSplitKParams<T6>, const T4 *, const T10 *, T9 *, T5 *, const T6 *, const T6 *, const T11 *, const T4 *, T11 *, void *, long, T6 *, int *, T6 *, T6 *, const T6 *, const T6 *, const T6 *, const T6 *, const T6 *)"
0.1,181120,30,6037.3,6048.0,5888,6144,71.0,"void at::native::elementwise_kernel<(int)128, (int)2, void at::native::gpu_kernel_impl_nocast<at::native::<unnamed>::pow_tensor_tensor_kernel(at::TensorIteratorBase &)::[lambda() (instance 1)]::operator ()() const::[lambda() (instance 6)]::operator ()() const::[lambda(double, double) (instance 1)]>(at::TensorIteratorBase &, const T1 &)::[lambda(int) (instance 1)]>(int, T3)"
0.1,131456,120,1095.5,1088.0,1056,1152,23.7,"void at::native::vectorized_elementwise_kernel<(int)2, at::native::AUnaryFunctor<double, double, double, at::native::binary_internal::MulFunctor<double>>, std::array<char *, (unsigned long)2>>(int, T2, T3)"
0.1,107040,33,3243.6,3072.0,3008,4960,519.7,"void at::native::elementwise_kernel<(int)128, (int)4, void at::native::gpu_kernel_impl<at::native::BinaryFunctor<float, float, float, at::native::binary_internal::MulFunctor<float>>>(at::TensorIteratorBase &, const T1 &)::[lambda(int) (instance 1)]>(int, T3)"
0.1,101248,30,3374.9,3360.0,3328,3552,49.5,"void at::native::vectorized_elementwise_kernel<(int)2, at::native::cos_kernel_cuda(at::TensorIteratorBase &)::[lambda() (instance 2)]::operator ()() const::[lambda() (instance 1)]::operator ()() const::[lambda(double) (instance 1)], std::array<char *, (unsigned long)2>>(int, T2, T3)"
0.1,100768,30,3358.9,3360.0,3328,3488,42.4,"void at::native::vectorized_elementwise_kernel<(int)2, at::native::sin_kernel_cuda(at::TensorIteratorBase &)::[lambda() (instance 2)]::operator ()() const::[lambda() (instance 1)]::operator ()() const::[lambda(double) (instance 1)], std::array<char *, (unsigned long)2>>(int, T2, T3)"
0.1,92928,30,3097.6,3072.0,3040,3328,64.8,void cutlass::Kernel2<cutlass_80_simt_sgemm_32x128_8x5_tn_align1>(T1::Params)
0.1,89248,33,2704.5,2560.0,2528,4032,426.7,"void at::native::unrolled_elementwise_kernel<at::native::CUDAFunctor_add<float>, std::array<char *, (unsigned long)3>, (int)4, TrivialOffsetCalculator<(int)2, unsigned int>, TrivialOffsetCalculator<(int)1, unsigned int>, at::native::memory::LoadWithCast<(int)2>, at::native::memory::StoreWithCast<(int)1>>(int, T1, T2, T4, T5, T6, T7)"
0.1,87360,75,1164.8,1056.0,928,1408,204.0,"void at::native::unrolled_elementwise_kernel<at::native::direct_copy_kernel_cuda(at::TensorIteratorBase &)::[lambda() (instance 3)]::operator ()() const::[lambda() (instance 4)]::operator ()() const::[lambda(long) (instance 1)], std::array<char *, (unsigned long)2>, (int)4, TrivialOffsetCalculator<(int)1, unsigned int>, TrivialOffsetCalculator<(int)1, unsigned int>, at::native::memory::LoadWithCast<(int)1>, at::native::memory::StoreWithCast<(int)1>>(int, T1, T2, T4, T5, T6, T7)"
0.1,86176,48,1795.3,1952.0,1376,2080,240.2,"void at::native::reduce_kernel<(int)512, (int)1, at::native::ReduceOp<long, at::native::func_wrapper_t<long, at::native::sum_functor<long, long, long>::operator ()(at::TensorIterator &)::[lambda(long, long) (instance 1)]>, unsigned int, long, (int)4, (int)4>>(T3)"
0.0,65120,30,2170.7,2176.0,2144,2176,12.1,"void at::native::<unnamed>::CatArrayBatchedCopy<at::native::<unnamed>::OpaqueType<(unsigned int)4>, unsigned int, (int)3, (int)64, (int)64>(T1 *, at::native::<unnamed>::CatArrInputTensorMetadata<T1, T2, T4, T5>, at::native::<unnamed>::TensorSizeStride<T2, (unsigned int)4>, int, T2)"
0.0,62112,30,2070.4,2048.0,2016,2432,80.2,"void at::native::elementwise_kernel<(int)128, (int)4, void at::native::gpu_kernel_impl<at::native::BinaryFunctor<double, double, double, at::native::binary_internal::MulFunctor<double>>>(at::TensorIteratorBase &, const T1 &)::[lambda(int) (instance 1)]>(int, T3)"
0.0,50848,12,4237.3,5040.0,1408,5536,1616.6,"void at::native::vectorized_gather_kernel<(int)16, long>(char *, char *, T2 *, int, long, long, long, long, bool)"
0.0,49536,36,1376.0,1376.0,1216,1504,56.2,"void at_cuda_detail::cub::DeviceScanKernel<at_cuda_detail::cub::DeviceScanPolicy<long, std::plus<long>>::Policy900, const long *, long *, at_cuda_detail::cub::ScanTileState<long, (bool)1>, std::plus<long>, at_cuda_detail::cub::NullType, unsigned int, long, (bool)0>(T2, T3, T4, int, T5, T6, T7)"
0.0,44416,30,1480.5,1504.0,1376,1536,53.1,"void at::native::elementwise_kernel<(int)128, (int)4, void at::native::gpu_kernel_impl_nocast<at::native::<unnamed>::CompareFunctor<float>>(at::TensorIteratorBase &, const T1 &)::[lambda(int) (instance 1)]>(int, T3)"
0.0,43264,33,1311.0,1280.0,1248,1472,66.2,"void at::native::elementwise_kernel<(int)128, (int)4, void at::native::gpu_kernel_impl_nocast<at::native::BinaryFunctor<bool, bool, bool, at::native::binary_internal::MulFunctor<bool>>>(at::TensorIteratorBase &, const T1 &)::[lambda(int) (instance 1)]>(int, T3)"
0.0,41856,30,1395.2,1376.0,1312,1632,87.6,"void at_cuda_detail::cub::DeviceScanKernel<at_cuda_detail::cub::DeviceScanPolicy<float, std::plus<float>>::Policy900, const float *, float *, at_cuda_detail::cub::ScanTileState<float, (bool)1>, std::plus<float>, at_cuda_detail::cub::NullType, unsigned int, float, (bool)0>(T2, T3, T4, int, T5, T6, T7)"
0.0,41504,30,1383.5,1376.0,1280,1568,73.1,"void cublasLt::epilogue::impl::globalKernel<(int)8, (int)32, float, float, float, (bool)1, (bool)1, (int)1>(int, int, long, T3 *, cublasLtEpilogue_t, int, T4 *, long, void *, long, long, long, T5 *, long, int *)"
0.0,40896,30,1363.2,1344.0,1344,1472,37.2,"void at::native::<unnamed>::CatArrayBatchedCopy<at::native::<unnamed>::OpaqueType<(unsigned int)1>, unsigned int, (int)3, (int)64, (int)64>(T1 *, at::native::<unnamed>::CatArrInputTensorMetadata<T1, T2, T4, T5>, at::native::<unnamed>::TensorSizeStride<T2, (unsigned int)4>, int, T2)"
0.0,40256,30,1341.9,1344.0,1312,1376,14.4,"void at::native::vectorized_elementwise_kernel<(int)2, at::native::reciprocal_kernel_cuda(at::TensorIteratorBase &)::[lambda() (instance 1)]::operator ()() const::[lambda() (instance 1)]::operator ()() const::[lambda(double) (instance 1)], std::array<char *, (unsigned long)2>>(int, T2, T3)"
0.0,35520,30,1184.0,1184.0,1152,1216,16.8,"void at::native::vectorized_elementwise_kernel<(int)4, at::native::<unnamed>::silu_kernel(at::TensorIteratorBase &)::[lambda() (instance 1)]::operator ()() const::[lambda() (instance 2)]::operator ()() const::[lambda(float) (instance 1)], std::array<char *, (unsigned long)2>>(int, T2, T3)"
0.0,35360,33,1071.5,1024.0,992,1280,90.9,"void at::native::vectorized_elementwise_kernel<(int)4, at::native::BinaryFunctor<bool, bool, bool, at::native::BitwiseAndFunctor<bool>>, std::array<char *, (unsigned long)3>>(int, T2, T3)"
0.0,32192,42,766.5,768.0,736,832,18.6,"void at::native::vectorized_elementwise_kernel<(int)4, at::native::FillFunctor<bool>, std::array<char *, (unsigned long)1>>(int, T2, T3)"
0.0,31264,18,1736.9,1824.0,1600,1920,125.1,"void at::native::<unnamed>::write_indices<long>(long *, at::native::<unnamed>::TensorDims<T1>, int, T1, long *, long)"
0.0,30176,9,3352.9,3328.0,3296,3520,65.5,"void at::native::index_elementwise_kernel<(int)128, (int)4, void at::native::gpu_index_kernel<void at::native::index_kernel_impl<at::native::OpaqueType<(int)8>>(at::TensorIteratorBase &, c10::ArrayRef<long>, c10::ArrayRef<long>)::[lambda(char *, const char *, long) (instance 1)]>(at::TensorIteratorBase &, c10::ArrayRef<long>, c10::ArrayRef<long>, const T1 &, bool)::[lambda(int) (instance 1)]>(long, T3)"
0.0,30144,9,3349.3,3360.0,3328,3392,22.6,"void at::native::index_elementwise_kernel<(int)128, (int)4, void at::native::gpu_index_kernel<void at::native::index_put_kernel_impl<at::native::OpaqueType<(int)8>>(at::TensorIterator &, c10::ArrayRef<long>, c10::ArrayRef<long>)::[lambda(char *, const char *, long) (instance 1)]>(at::TensorIteratorBase &, c10::ArrayRef<long>, c10::ArrayRef<long>, const T1 &, bool)::[lambda(int) (instance 1)]>(long, T3)"
0.0,30112,33,912.5,896.0,864,1152,71.2,"void at::native::vectorized_elementwise_kernel<(int)2, at::native::CUDAFunctorOnSelf_add<long>, std::array<char *, (unsigned long)2>>(int, T2, T3)"
0.0,26976,9,2997.3,2976.0,2912,3264,104.9,"void cublasLt::splitKreduce_kernel<(int)32, (int)16, int, float, __nv_bfloat16, float, __nv_bfloat16, (bool)0, __nv_bfloat16, __nv_bfloat16, __nv_bfloat16, (bool)1, (bool)0, (bool)0>(cublasLt::cublasSplitKParams<T6>, const T4 *, const T10 *, T9 *, T5 *, const T6 *, const T6 *, const T11 *, const T4 *, T11 *, void *, long, T6 *, int *, T6 *, T6 *, const T6 *, const T6 *, const T6 *, const T6 *, const T6 *)"
0.0,26624,30,887.5,896.0,864,896,14.4,"void at::native::<unnamed>::CatArrayBatchedCopy_vectorized<at::native::<unnamed>::OpaqueType<(unsigned int)8>, unsigned int, (int)2, (int)128, (int)1, (int)16, (int)2>(char *, at::native::<unnamed>::CatArrInputTensorMetadata<T1, T2, T4, T5>, at::native::<unnamed>::TensorSizeStride<T2, (unsigned int)4>, int, T2)"
0.0,26592,18,1477.3,1472.0,1472,1504,12.3,"void at_cuda_detail::cub::DeviceSelectSweepKernel<at_cuda_detail::cub::detail::device_select_policy_hub<long, bool, int, (bool)0, (bool)0>::Policy900, at_cuda_detail::cub::CountingInputIterator<long, long>, at_cuda_detail::cub::TransformInputIterator<bool, at::native::<unnamed>::NonZeroOp<bool>, const bool *, long>, long *, int *, at_cuda_detail::cub::ScanTileState<int, (bool)1>, at_cuda_detail::cub::NullType, at_cuda_detail::cub::NullType, int, (bool)0, (bool)0>(T2, T3, T4, T5, T6, T7, T8, T9, int, at_cuda_detail::cub::detail::vsmem_t)"
0.0,26336,18,1463.1,1472.0,1440,1472,14.7,"void at_cuda_detail::cub::DeviceReduceSingleTileKernel<at_cuda_detail::cub::DeviceReducePolicy<int, unsigned long long, cuda::std::__4::plus<void>>::Policy600, at_cuda_detail::cub::TransformInputIterator<bool, at::native::<unnamed>::NonZeroOp<bool>, const bool *, long>, int *, unsigned long long, cuda::std::__4::plus<void>, int, int, cuda::std::__4::__identity>(T2, T3, T4, T5, T6, T8)"
0.0,25952,18,1441.8,1424.0,1312,1568,116.9,"void at::native::<unnamed>::searchsorted_cuda_kernel<float, long>(T2 *, const T1 *, const T1 *, const long *, long, long, long, bool, bool)"
0.0,25952,18,1441.8,1376.0,1376,1568,81.7,"void at::native::unrolled_elementwise_kernel<at::native::reciprocal_kernel_cuda(at::TensorIteratorBase &)::[lambda() (instance 1)]::operator ()() const::[lambda() (instance 2)]::operator ()() const::[lambda(float) (instance 1)], std::array<char *, (unsigned long)2>, (int)4, TrivialOffsetCalculator<(int)1, unsigned int>, TrivialOffsetCalculator<(int)1, unsigned int>, at::native::memory::LoadWithCast<(int)1>, at::native::memory::StoreWithCast<(int)1>>(int, T1, T2, T4, T5, T6, T7)"
0.0,25952,36,720.9,736.0,704,736,16.2,"void at_cuda_detail::cub::DeviceScanInitKernel<at_cuda_detail::cub::ScanTileState<long, (bool)1>>(T1, int)"
0.0,22624,30,754.1,768.0,736,768,16.1,"void at::native::vectorized_elementwise_kernel<(int)2, at::native::FillFunctor<double>, std::array<char *, (unsigned long)1>>(int, T2, T3)"
0.0,22592,30,753.1,768.0,736,768,16.2,"void <unnamed>::elementwise_kernel_with_index<int, at::native::linspace_cuda_out(const c10::Scalar &, const c10::Scalar &, long, at::Tensor &)::[lambda() (instance 2)]::operator ()() const::[lambda() (instance 1)]::operator ()() const::[lambda(long) (instance 1)]>(T1, T2, function_traits<T2>::result_type *)"
0.0,21888,30,729.6,736.0,704,768,15.5,"void scal_kernel<float, float, (int)1, (bool)1, (int)6, (int)5, (int)5, (int)3>(cublasTransposeParams<T2>, const T1 *, T1 *, const T2 *)"
0.0,21632,30,721.1,736.0,704,736,16.2,"void at_cuda_detail::cub::DeviceScanInitKernel<at_cuda_detail::cub::ScanTileState<float, (bool)1>>(T1, int)"
0.0,16000,18,888.9,896.0,864,960,28.1,"void at::native::vectorized_elementwise_kernel<(int)4, at::native::<unnamed>::launch_clamp_scalar(at::TensorIteratorBase &, c10::Scalar, c10::Scalar, at::native::detail::ClampLimits)::[lambda() (instance 1)]::operator ()() const::[lambda() (instance 7)]::operator ()() const::[lambda(float) (instance 1)], std::array<char *, (unsigned long)2>>(int, T2, T3)"
0.0,15040,9,1671.1,1664.0,1600,1760,54.9,"void at::native::reduce_kernel<(int)512, (int)1, at::native::ReduceOp<bool, at::native::func_wrapper_t<bool, at::native::and_kernel_cuda(at::TensorIterator &)::[lambda() (instance 1)]::operator ()() const::[lambda() (instance 12)]::operator ()() const::[lambda(bool, bool) (instance 1)]>, unsigned int, bool, (int)4, (int)4>>(T3)"
0.0,12992,18,721.8,736.0,704,736,16.4,"void at_cuda_detail::cub::DeviceCompactInitKernel<at_cuda_detail::cub::ScanTileState<int, (bool)1>, int *>(T1, int, T2)"
0.0,10272,9,1141.3,1152.0,1120,1152,16.0,"void at::native::elementwise_kernel<(int)128, (int)4, void at::native::gpu_kernel_impl<at::native::direct_copy_kernel_cuda(at::TensorIteratorBase &)::[lambda() (instance 3)]::operator ()() const::[lambda() (instance 4)]::operator ()() const::[lambda(long) (instance 1)]>(at::TensorIteratorBase &, const T1 &)::[lambda(int) (instance 1)]>(int, T3)"
0.0,8192,9,910.2,896.0,896,928,16.9,"void at::native::vectorized_elementwise_kernel<(int)2, at::native::AUnaryFunctor<long, long, long, at::native::binary_internal::MulFunctor<long>>, std::array<char *, (unsigned long)2>>(int, T2, T3)"
0.0,6688,3,2229.3,2272.0,2080,2336,133.2,"std::enable_if<!T7, void>::type internal::gemvx::kernel<int, int, float, float, float, float, (bool)0, (bool)1, (bool)1, (bool)0, (int)5, (bool)0, cublasGemvParamsEx<int, cublasGemvTensorStridedBatched<const float>, cublasGemvTensorStridedBatched<const float>, cublasGemvTensorStridedBatched<float>, float>>(T13)"
0.0,4704,3,1568.0,1568.0,1568,1568,0.0,"void at::native::<unnamed>::CatArrayBatchedCopy<at::native::<unnamed>::OpaqueType<(unsigned int)1>, unsigned int, (int)2, (int)64, (int)64>(T1 *, at::native::<unnamed>::CatArrInputTensorMetadata<T1, T2, T4, T5>, at::native::<unnamed>::TensorSizeStride<T2, (unsigned int)4>, int, T2)"
0.0,4352,3,1450.7,1440.0,1440,1472,18.5,"void at::native::elementwise_kernel<(int)128, (int)4, void at::native::gpu_kernel_impl_nocast<at::native::<unnamed>::CompareFunctor<long>>(at::TensorIteratorBase &, const T1 &)::[lambda(int) (instance 1)]>(int, T3)"
0.0,2720,3,906.7,832.0,832,1056,129.3,"void at::native::vectorized_elementwise_kernel<(int)4, at::native::AUnaryFunctor<c10::BFloat16, c10::BFloat16, c10::BFloat16, at::native::binary_internal::MulFunctor<float>>, std::array<char *, (unsigned long)2>>(int, T2, T3)"
